freq,purchase,unit,geo\TIME_PERIOD,2005,2006,2007,2008,2009,2010,2011,2012,2013,2014,2015,2016,2017,2018,2019,2020,2021,2022,2023,2024,2025
A,DW_EXST,I15_A_AVG,AT,,,,,,77.75,81.97,86.81,91.14,94.53,100.0,105.95,112.33,119.4,126.58,136.29,154.13,172.03,165.02,162.4,166.5
A,DW_EXST,I15_A_AVG,BE,70.28,78.44,85.43,89.69,89.57,92.24,95.47,97.83,98.78,98.81,100.0,102.12,105.58,108.8,113.11,117.91,125.93,132.93,136.08,139.57,144.88
A,DW_EXST,I15_A_AVG,BG,82.95,95.15,122.66,153.27,120.53,108.35,101.78,99.08,97.3,97.76,100.0,107.34,117.77,126.07,132.11,140.01,152.94,176.79,195.51,226.26,263.26
A,DW_EXST,I15_A_AVG,CY,,,,,,108.78,110.53,105.57,100.95,101.63,100.0,99.69,99.66,98.19,99.75,102.4,103.68,108.95,117.1,125.33,134.81
A,DW_EXST,I15_A_AVG,CZ,,,,101.3,96.4,94.9,95.2,93.9,93.9,96.2,100.0,107.3,119.6,129.3,141.3,153.0,183.6,214.0,210.4,220.9,242.3
A,DW_EXST,I15_A_AVG,DE,84.9,84.6,82.2,83.2,83.2,83.9,86.7,89.7,92.8,95.6,100.0,107.6,114.5,122.2,129.8,140.2,157.5,167.0,151.3,148.2,153.0
A,DW_EXST,I15_A_AVG,DK,83.93,104.09,106.52,101.14,88.82,91.43,89.68,87.11,90.19,93.54,100.0,104.59,109.81,114.67,117.23,122.33,136.55,142.92,137.39,142.24,152.97
A,DW_EXST,I15_A_AVG,EA,,,,,,100.81,102.18,100.46,98.32,98.55,100.0,104.08,108.83,114.12,119.11,125.4,135.81,145.44,142.36,144.48,152.13
A,DW_EXST,I15_A_AVG,EA19,,,,,,100.66,102.07,100.35,98.27,98.55,100.0,104.08,108.83,114.12,119.11,125.4,135.81,145.44,142.26,144.27,151.81
A,DW_EXST,I15_A_AVG,EA20,,,,,,100.72,102.11,100.39,98.29,98.57,100.0,104.07,108.82,114.13,119.16,125.48,135.88,145.59,142.58,144.71,152.37
A,DW_EXST,I15_A_AVG,EA21,,,,,,100.8,102.12,100.39,98.29,98.57,100.0,104.09,108.88,114.21,119.25,125.57,135.99,145.79,142.94,145.25,153.07
A,DW_EXST,I15_A_AVG,EE,66.37,105.06,119.07,106.16,65.09,67.25,72.94,77.13,85.89,95.32,100.0,104.35,110.55,115.03,122.76,127.02,148.79,186.63,189.66,202.19,213.74
A,DW_EXST,I15_A_AVG,ES,,154.28,166.86,156.46,142.38,140.68,127.39,108.48,96.65,96.74,100.0,104.32,110.82,118.34,124.0,125.79,130.32,139.8,144.35,156.01,176.22
A,DW_EXST,I15_A_AVG,EU,,,,,,97.68,97.95,96.41,95.42,97.21,100.0,104.87,110.06,115.29,120.27,126.98,138.2,148.75,146.46,150.09,158.6
A,DW_EXST,I15_A_AVG,EU27_2020,,,,,,100.01,100.67,98.72,97.05,97.78,100.0,104.49,109.75,115.28,120.91,127.81,139.11,149.73,147.42,151.08,159.65
A,DW_EXST,I15_A_AVG,EU28,,,,,,97.69,97.96,96.42,95.42,97.21,100.0,104.87,110.06,115.29,120.27,,,,,,
A,DW_EXST,I15_A_AVG,FI,79.28,84.57,89.33,89.93,89.29,96.94,99.5,100.68,101.4,100.45,100.0,101.1,101.76,102.45,102.59,103.99,108.51,108.78,100.65,97.34,94.61
A,DW_EXST,I15_A_AVG,FR,85.54,95.84,102.15,103.0,95.68,100.59,106.57,105.99,103.76,101.88,100.0,100.93,103.98,107.1,110.6,116.76,124.62,132.42,131.52,126.17,126.93
A,DW_EXST,I15_A_AVG,HR,,,,126.09,117.48,111.23,110.09,107.32,102.74,101.44,100.0,101.81,106.42,113.89,124.09,134.6,144.25,164.99,185.85,206.5,235.86
A,DW_EXST,I15_A_AVG,HU,,,99.17,101.52,95.84,94.01,90.79,87.17,84.74,88.28,100.0,113.54,127.02,145.3,170.6,177.29,205.76,251.97,266.89,302.53,362.14
A,DW_EXST,I15_A_AVG,IE,,,,,,104.57,86.59,74.85,76.8,90.16,100.0,107.45,120.22,132.4,134.78,134.4,147.66,167.58,169.55,184.83,200.15
A,DW_EXST,I15_A_AVG,IS,,,,,,,,,,,,109.77,131.2,142.01,148.29,157.79,177.57,214.84,231.57,250.22,263.1
A,DW_EXST,I15_A_AVG,IT,,,,,,126.8,127.3,121.4,110.9,104.7,100.0,100.1,98.9,98.0,97.6,99.4,101.6,105.1,105.5,107.8,112.8
A,DW_EXST,I15_A_AVG,LT,,92.12,123.19,129.65,89.09,85.23,90.28,88.64,90.57,96.76,100.0,106.47,115.58,123.78,132.5,142.72,167.17,197.74,211.26,231.46,256.14
A,DW_EXST,I15_A_AVG,LU,,,78.44,79.61,76.77,81.29,85.2,88.56,91.5,96.19,100.0,106.21,112.32,121.26,134.17,153.83,176.79,192.44,171.09,160.82,163.22
A,DW_EXST,I15_A_AVG,LV,,110.32,152.21,153.09,96.43,84.59,89.69,90.34,97.06,102.2,100.0,108.51,118.17,130.24,141.83,145.4,165.8,189.3,190.76,195.38,211.68
A,DW_EXST,I15_A_AVG,MT,,,,95.71,89.06,85.89,86.01,89.04,92.51,95.27,100.0,106.55,112.58,117.58,123.51,131.58,134.44,142.36,152.02,162.91,173.81
A,DW_EXST,I15_A_AVG,NL,106.44,111.29,115.97,119.45,115.39,112.77,110.03,102.95,96.15,97.05,100.0,105.51,114.06,124.57,133.34,143.85,165.5,187.52,182.18,198.1,215.1
A,DW_EXST,I15_A_AVG,NO,,,,,,75.63,81.7,87.36,90.97,93.41,100.0,108.25,114.35,115.64,118.77,124.17,136.71,143.97,144.03,148.44,156.95
A,DW_EXST,I15_A_AVG,PL,,,,,,107.74,107.3,101.86,98.07,99.35,100.0,102.55,107.13,115.17,127.16,144.68,158.1,176.72,189.59,215.02,223.99
A,DW_EXST,I15_A_AVG,PT,,,,110.0,108.68,109.55,102.3,94.29,92.2,96.19,100.0,108.68,119.98,133.2,146.85,160.18,175.63,200.03,217.44,238.63,283.67
A,DW_EXST,I15_A_AVG,RO,,,,,132.56,122.36,105.49,98.65,98.85,96.72,100.0,106.0,113.73,120.48,125.03,131.2,137.78,144.85,145.68,150.61,161.04
A,DW_EXST,I15_A_AVG,SE,49.2,56.36,64.1,64.39,65.98,71.92,73.26,73.91,78.65,87.02,100.0,108.54,115.78,112.37,114.59,121.16,136.03,138.57,129.4,131.05,133.22
A,DW_EXST,I15_A_AVG,SI,,,120.13,125.85,116.25,118.67,119.46,112.8,106.84,99.44,100.0,103.77,111.89,121.83,131.56,137.85,153.75,177.53,190.45,204.57,216.49
A,DW_EXST,I15_A_AVG,SK,,,,,,93.94,93.03,91.57,92.75,93.98,100.0,106.96,112.77,121.96,135.34,149.64,160.81,180.29,181.01,188.46,212.5
A,DW_EXST,I15_A_AVG,TR,,,,,,57.15,62.06,68.76,76.62,86.23,100.0,112.68,125.09,135.19,140.78,173.86,235.87,585.72,1180.88,1666.27,
A,DW_EXST,I15_A_AVG,UK,78.56,84.86,93.46,89.17,81.34,86.3,84.79,85.17,87.33,94.34,100.0,106.81,111.63,115.12,116.28,,,,,,
A,DW_EXST,I25_A_AVG,AT,,,,,,46.69,49.23,52.14,54.74,56.77,60.06,63.63,67.47,71.71,76.03,81.85,92.57,103.32,99.11,97.54,100.0
A,DW_EXST,I25_A_AVG,BE,48.51,54.14,58.97,61.91,61.82,63.67,65.9,67.53,68.18,68.2,69.03,70.48,72.87,75.09,78.07,81.39,86.92,91.76,93.93,96.33,100.0
A,DW_EXST,I25_A_AVG,BG,31.51,36.14,46.59,58.22,45.78,41.16,38.66,37.64,36.96,37.14,37.99,40.78,44.74,47.89,50.18,53.18,58.1,67.16,74.27,85.95,100.0
A,DW_EXST,I25_A_AVG,CY,,,,,,80.69,81.99,78.31,74.88,75.39,74.18,73.95,73.92,72.84,74.0,75.97,76.91,80.82,86.87,92.97,100.0
A,DW_EXST,I25_A_AVG,CZ,,,,41.8,39.8,39.2,39.3,38.8,38.8,39.7,41.3,44.3,49.4,53.4,58.3,63.1,75.8,88.3,86.9,91.2,100.0
A,DW_EXST,I25_A_AVG,DE,55.4,55.3,53.7,54.3,54.4,54.9,56.7,58.6,60.6,62.4,65.4,70.3,74.8,79.8,84.8,91.6,102.9,109.1,98.9,96.9,100.0
A,DW_EXST,I25_A_AVG,DK,54.87,68.05,69.64,66.12,58.07,59.77,58.63,56.95,58.96,61.15,65.38,68.38,71.79,74.97,76.64,79.97,89.27,93.43,89.82,92.99,100.0
A,DW_EXST,I25_A_AVG,EA,,,,,,66.27,67.17,66.04,64.63,64.78,65.74,68.42,71.54,75.02,78.3,82.43,89.27,95.61,93.58,94.97,100.0
A,DW_EXST,I25_A_AVG,EA19,,,,,,66.31,67.23,66.11,64.74,64.92,65.88,68.56,71.69,75.18,78.46,82.61,89.46,95.81,93.72,95.04,100.0
A,DW_EXST,I25_A_AVG,EA20,,,,,,66.1,67.02,65.89,64.52,64.69,65.63,68.3,71.42,74.91,78.21,82.36,89.18,95.55,93.58,94.97,100.0
A,DW_EXST,I25_A_AVG,EA21,,,,,,65.86,66.71,65.58,64.21,64.39,65.33,68.0,71.13,74.61,77.9,82.04,88.84,95.24,93.38,94.89,100.0
A,DW_EXST,I25_A_AVG,EE,31.05,49.16,55.71,49.67,30.45,31.46,34.12,36.09,40.19,44.6,46.79,48.83,51.72,53.82,57.44,59.43,69.61,87.31,88.74,94.6,100.0
A,DW_EXST,I25_A_AVG,ES,,87.56,94.69,88.79,80.8,79.83,72.29,61.56,54.85,54.9,56.75,59.2,62.89,67.16,70.37,71.39,73.96,79.33,81.92,88.53,100.0
A,DW_EXST,I25_A_AVG,EU,,,,,,61.59,61.76,60.79,60.16,61.29,63.05,66.12,69.39,72.69,75.83,80.07,87.14,93.79,92.34,94.63,100.0
A,DW_EXST,I25_A_AVG,EU27_2020,,,,,,62.65,63.06,61.84,60.79,61.25,62.64,65.45,68.74,72.21,75.74,80.07,87.14,93.79,92.34,94.63,100.0
A,DW_EXST,I25_A_AVG,EU28,,,,,,100.91,101.19,99.6,98.56,100.41,103.29,108.32,113.68,119.09,124.23,,,,,,
A,DW_EXST,I25_A_AVG,FI,83.79,89.39,94.42,95.05,94.38,102.46,105.17,106.42,107.18,106.18,105.7,106.87,107.56,108.29,108.43,109.91,114.69,114.98,106.39,102.88,100.0
A,DW_EXST,I25_A_AVG,FR,67.4,75.51,80.48,81.15,75.38,79.25,83.96,83.5,81.75,80.27,78.78,79.52,81.92,84.38,87.14,91.99,98.18,104.33,103.62,99.41,100.0
A,DW_EXST,I25_A_AVG,HR,,,,53.46,49.81,47.16,46.68,45.5,43.56,43.01,42.4,43.17,45.12,48.29,52.61,57.07,61.16,69.96,78.8,87.55,100.0
A,DW_EXST,I25_A_AVG,HU,,,27.38,28.03,26.46,25.96,25.07,24.07,23.4,24.38,27.61,31.35,35.08,40.12,47.11,48.95,56.82,69.58,73.7,83.54,100.0
A,DW_EXST,I25_A_AVG,IE,,,,,,52.25,43.26,37.4,38.37,45.05,49.97,53.69,60.07,66.15,67.34,67.15,73.77,83.73,84.72,92.34,100.0
A,DW_EXST,I25_A_AVG,IS,,,,,,,,,,,,41.72,49.87,53.98,56.36,59.98,67.49,81.66,88.02,95.1,100.0
A,DW_EXST,I25_A_AVG,IT,,,,,,112.4,112.9,107.6,98.3,92.8,88.7,88.8,87.7,86.9,86.5,88.1,90.1,93.1,93.5,95.5,100.0
A,DW_EXST,I25_A_AVG,LT,,35.97,48.1,50.62,34.78,33.28,35.25,34.61,35.36,37.78,39.04,41.57,45.13,48.33,51.73,55.72,65.27,77.2,82.48,90.37,100.0
A,DW_EXST,I25_A_AVG,LU,,,48.06,48.78,47.03,49.8,52.2,54.26,56.06,58.93,61.27,65.08,68.82,74.29,82.2,94.25,108.32,117.9,104.82,98.53,100.0
A,DW_EXST,I25_A_AVG,LV,,52.12,71.91,72.32,45.56,39.96,42.37,42.68,45.85,48.28,47.24,51.26,55.83,61.53,67.0,68.69,78.33,89.43,90.12,92.3,100.0
A,DW_EXST,I25_A_AVG,MT,,,,55.06,51.24,49.42,49.48,51.23,53.23,54.82,57.54,61.3,64.77,67.65,71.06,75.7,77.35,81.9,87.46,93.73,100.0
A,DW_EXST,I25_A_AVG,NL,49.48,51.74,53.91,55.54,53.65,52.43,51.16,47.86,44.7,45.12,46.49,49.05,53.03,57.92,61.99,66.88,76.94,87.18,84.69,92.1,100.0
A,DW_EXST,I25_A_AVG,NO,,,,,,48.19,52.05,55.66,57.96,59.52,63.72,68.98,72.86,73.68,75.68,79.12,87.1,91.73,91.77,94.58,100.0
A,DW_EXST,I25_A_AVG,PL,,,,,,48.1,47.9,45.48,43.78,44.36,44.65,45.78,47.83,51.42,56.77,64.59,70.59,78.9,84.64,96.0,100.0
A,DW_EXST,I25_A_AVG,PT,,,,38.78,38.31,38.62,36.06,33.24,32.5,33.91,35.25,38.31,42.3,46.96,51.77,56.47,61.92,70.51,76.65,84.12,100.0
A,DW_EXST,I25_A_AVG,RO,,,,,82.31,75.98,65.5,61.26,61.38,60.06,62.1,65.83,70.62,74.81,77.64,81.47,85.55,89.95,90.46,93.52,100.0
A,DW_EXST,I25_A_AVG,SE,36.94,42.31,48.12,48.34,49.53,53.98,55.0,55.48,59.04,65.32,75.07,81.48,86.92,84.35,86.02,90.95,102.11,104.02,97.14,98.37,100.0
A,DW_EXST,I25_A_AVG,SI,,,55.49,58.13,53.7,54.82,55.18,52.11,49.35,45.94,46.19,47.94,51.69,56.28,60.77,63.68,71.02,82.0,87.97,94.5,100.0
A,DW_EXST,I25_A_AVG,SK,,,,,,44.21,43.78,43.1,43.65,44.23,47.06,50.33,53.07,57.39,63.69,70.42,75.68,84.84,85.18,88.69,100.0
A,DW_EXST,I25_A_AVG,TR,,,,,,2.61,2.83,3.13,3.49,3.93,4.56,5.14,5.7,6.16,6.42,7.92,10.75,26.69,53.81,75.93,
A,DW_EXST,I25_A_AVG,UK,78.56,84.86,93.46,89.17,81.34,86.3,84.79,85.17,87.33,94.34,100.0,106.81,111.63,115.12,116.28,,,,,,
A,DW_EXST,RCH_A_AVG,AT,,,,,,,5.4,5.9,5.0,3.7,5.8,5.9,6.0,6.3,6.0,7.7,13.1,11.6,-4.1,-1.6,2.5
A,DW_EXST,RCH_A_AVG,BE,,11.6,8.9,5.0,-0.1,3.0,3.5,2.5,1.0,0.0,1.2,2.1,3.4,3.0,4.0,4.2,6.8,5.6,2.4,2.6,3.8
A,DW_EXST,RCH_A_AVG,BG,,14.7,28.9,25.0,-21.4,-10.1,-6.1,-2.7,-1.8,0.5,2.3,7.3,9.7,7.1,4.8,6.0,9.2,15.6,10.6,15.7,16.3
A,DW_EXST,RCH_A_AVG,CY,,,,,,,1.6,-4.5,-4.4,0.7,-1.6,-0.3,0.0,-1.5,1.6,2.7,1.2,5.1,7.5,7.0,7.6
A,DW_EXST,RCH_A_AVG,CZ,,,,,-4.8,-1.6,0.3,-1.3,0.0,2.5,3.9,7.3,11.5,8.2,9.2,8.3,20.1,16.5,-1.6,4.9,9.7
A,DW_EXST,RCH_A_AVG,DE,,-0.3,-2.8,1.1,0.1,0.8,3.3,3.5,3.4,3.0,4.7,7.5,6.5,6.7,6.2,8.1,12.3,6.0,-9.4,-2.0,3.2
A,DW_EXST,RCH_A_AVG,DK,,24.0,2.3,-5.1,-12.2,2.9,-1.9,-2.9,3.5,3.7,6.9,4.6,5.0,4.4,2.2,4.3,11.6,4.7,-3.9,3.5,7.5
A,DW_EXST,RCH_A_AVG,EA,,,,,,,1.4,-1.7,-2.1,0.2,1.5,4.1,4.6,4.9,4.4,5.3,8.3,7.1,-2.1,1.5,5.3
A,DW_EXST,RCH_A_AVG,EA19,,,,,,,1.4,-1.7,-2.1,0.3,1.5,4.1,4.6,4.9,4.4,5.3,8.3,7.1,-2.2,1.4,5.2
A,DW_EXST,RCH_A_AVG,EA20,,,,,,,1.4,-1.7,-2.1,0.3,1.5,4.1,4.6,4.9,4.4,5.3,8.3,7.1,-2.1,1.5,5.3
A,DW_EXST,RCH_A_AVG,EA21,,,,,,,1.3,-1.7,-2.1,0.3,1.5,4.1,4.6,4.9,4.4,5.3,8.3,7.2,-2.0,1.6,5.4
A,DW_EXST,RCH_A_AVG,EE,,58.3,13.3,-10.8,-38.7,3.3,8.5,5.8,11.4,11.0,4.9,4.4,5.9,4.0,6.7,3.5,17.1,25.4,1.6,6.6,5.7
A,DW_EXST,RCH_A_AVG,ES,,,8.1,-6.2,-9.0,-1.2,-9.4,-14.8,-10.9,0.1,3.4,4.3,6.2,6.8,4.8,1.4,3.6,7.3,3.3,8.1,13.0
A,DW_EXST,RCH_A_AVG,EU,,,,,,,0.3,-1.6,-1.0,1.9,2.9,4.9,4.9,4.8,4.3,5.6,8.8,7.6,-1.5,2.5,5.7
A,DW_EXST,RCH_A_AVG,EU27_2020,,,,,,,0.7,-1.9,-1.7,0.7,2.3,4.5,5.0,5.0,4.9,5.7,8.8,7.6,-1.5,2.5,5.7
A,DW_EXST,RCH_A_AVG,EU28,,,,,,,0.3,-1.6,-1.0,1.9,2.9,4.9,5.0,4.8,4.3,,,,,,
A,DW_EXST,RCH_A_AVG,FI,,6.7,5.6,0.7,-0.7,8.6,2.6,1.2,0.7,-0.9,-0.4,1.1,0.6,0.7,0.1,1.4,4.3,0.3,-7.5,-3.3,-2.8
A,DW_EXST,RCH_A_AVG,FR,,12.0,6.6,0.8,-7.1,5.1,5.9,-0.5,-2.1,-1.8,-1.8,0.9,3.0,3.0,3.3,5.6,6.7,6.3,-0.7,-4.1,0.6
A,DW_EXST,RCH_A_AVG,HR,,,,,-6.8,-5.3,-1.0,-2.5,-4.3,-1.3,-1.4,1.8,4.5,7.0,9.0,8.5,7.2,14.4,12.6,11.1,14.2
A,DW_EXST,RCH_A_AVG,HU,,,,2.4,-5.6,-1.9,-3.4,-4.0,-2.8,4.2,13.3,13.5,11.9,14.4,17.4,3.9,16.1,22.5,5.9,13.4,19.7
A,DW_EXST,RCH_A_AVG,IE,,,,,,,-17.2,-13.6,2.6,17.4,10.9,7.5,11.9,10.1,1.8,-0.3,9.9,13.5,1.2,9.0,8.3
A,DW_EXST,RCH_A_AVG,IS,,,,,,,,,,,,,19.5,8.2,4.4,6.4,12.5,21.0,7.8,8.0,5.1
A,DW_EXST,RCH_A_AVG,IT,,,,,,,0.4,-4.6,-8.7,-5.5,-4.5,0.1,-1.2,-1.0,-0.4,1.9,2.2,3.4,0.4,2.2,4.7
A,DW_EXST,RCH_A_AVG,LT,,,33.7,5.2,-31.3,-4.3,5.9,-1.8,2.2,6.8,3.3,6.5,8.6,7.1,7.0,7.7,17.1,18.3,6.8,9.6,10.7
A,DW_EXST,RCH_A_AVG,LU,,,,1.5,-3.6,5.9,4.8,3.9,3.3,5.1,4.0,6.2,5.7,8.0,10.7,14.7,14.9,8.8,-11.1,-6.0,1.5
A,DW_EXST,RCH_A_AVG,LV,,,38.0,0.6,-37.0,-12.3,6.0,0.7,7.4,5.3,-2.1,8.5,8.9,10.2,8.9,2.5,14.0,14.2,0.8,2.4,8.3
A,DW_EXST,RCH_A_AVG,MT,,,,,-6.9,-3.6,0.1,3.5,3.9,3.0,5.0,6.5,5.7,4.4,5.0,6.5,2.2,5.9,6.8,7.2,6.7
A,DW_EXST,RCH_A_AVG,NL,,4.6,4.2,3.0,-3.4,-2.3,-2.4,-6.4,-6.6,0.9,3.0,5.5,8.1,9.2,7.0,7.9,15.1,13.3,-2.9,8.7,8.6
A,DW_EXST,RCH_A_AVG,NO,,,,,,,8.0,6.9,4.1,2.7,7.1,8.3,5.6,1.1,2.7,4.5,10.1,5.3,0.0,3.1,5.7
A,DW_EXST,RCH_A_AVG,PL,,,,,,,-0.4,-5.1,-3.7,1.3,0.7,2.5,4.5,7.5,10.4,13.8,9.3,11.8,7.3,13.4,4.2
A,DW_EXST,RCH_A_AVG,PT,,,,,-1.2,0.8,-6.6,-7.8,-2.2,4.3,4.0,8.7,10.4,11.0,10.2,9.1,9.6,13.9,8.7,9.7,18.9
A,DW_EXST,RCH_A_AVG,RO,,,,,,-7.7,-13.8,-6.5,0.2,-2.2,3.4,6.0,7.3,5.9,3.8,4.9,5.0,5.1,0.6,3.4,6.9
A,DW_EXST,RCH_A_AVG,SE,,14.6,13.7,0.5,2.5,9.0,1.9,0.9,6.4,10.6,14.9,8.5,6.7,-2.9,2.0,5.7,12.3,1.9,-6.6,1.3,1.7
A,DW_EXST,RCH_A_AVG,SI,,,,4.8,-7.6,2.1,0.7,-5.6,-5.3,-6.9,0.6,3.8,7.8,8.9,8.0,4.8,11.5,15.5,7.3,7.4,5.8
A,DW_EXST,RCH_A_AVG,SK,,,,,,,-1.0,-1.6,1.3,1.3,6.4,7.0,5.4,8.1,11.0,10.6,7.5,12.1,0.4,4.1,12.8
A,DW_EXST,RCH_A_AVG,TR,,,,,,,8.4,10.9,11.4,12.6,16.0,12.7,11.0,8.1,4.1,23.5,35.7,148.3,101.6,41.1,
A,DW_EXST,RCH_A_AVG,UK,,8.0,10.1,-4.6,-8.8,6.1,-1.7,0.5,2.5,8.0,6.0,6.8,4.5,3.1,1.0,,,,,,
A,DW_NEW,I15_A_AVG,AT,,,,,,76.16,80.13,86.79,90.98,94.72,100.0,107.85,110.47,115.98,122.9,132.08,143.12,159.58,159.13,163.17,167.92
A,DW_NEW,I15_A_AVG,BE,80.13,84.04,87.8,89.98,89.01,88.99,92.49,94.21,97.74,95.67,100.0,103.49,107.91,111.35,114.79,119.88,127.41,134.14,136.92,145.06,147.59
A,DW_NEW,I15_A_AVG,BG,67.21,77.09,99.39,124.19,109.57,97.86,96.85,96.58,93.94,96.62,100.0,106.41,113.54,120.04,130.19,133.0,143.27,158.81,172.52,203.22,227.6
A,DW_NEW,I15_A_AVG,CY,,,,,,114.06,111.04,108.37,104.04,101.42,100.0,100.38,112.66,111.52,126.72,134.34,130.39,139.98,154.38,166.0,170.99
A,DW_NEW,I15_A_AVG,CZ,,,,97.0,100.2,97.2,95.8,93.6,93.7,95.4,100.0,105.9,120.6,134.9,145.5,158.7,188.0,222.3,219.2,230.4,261.6
A,DW_NEW,I15_A_AVG,DE,74.6,73.9,75.4,77.4,81.6,83.6,87.8,90.3,91.4,94.8,100.0,106.9,111.8,118.9,122.9,130.4,140.0,148.7,145.0,145.7,150.0
A,DW_NEW,I15_A_AVG,DK,31.69,41.73,47.5,44.41,41.03,40.48,45.58,50.62,80.16,89.54,100.0,99.37,100.0,101.79,102.52,103.28,107.49,118.59,123.77,126.59,129.24
A,DW_NEW,I15_A_AVG,EA,,,,,,101.62,101.92,98.57,97.19,97.59,100.0,103.78,107.53,112.52,117.43,123.49,131.19,141.68,146.43,152.91,159.76
A,DW_NEW,I15_A_AVG,EA19,,,,,,101.36,101.75,98.49,97.12,97.58,100.0,103.78,107.53,112.52,117.43,123.49,131.19,141.68,146.39,152.83,159.5
A,DW_NEW,I15_A_AVG,EA20,,,,,,101.46,101.86,98.63,97.24,97.67,100.0,103.73,107.46,112.44,117.37,123.4,131.11,141.69,146.46,152.94,159.8
A,DW_NEW,I15_A_AVG,EA21,,,,,,101.37,101.77,98.58,97.17,97.65,100.0,103.78,107.58,112.57,117.6,123.57,131.34,142.03,146.99,153.94,161.14
A,DW_NEW,I15_A_AVG,EE,47.02,62.89,85.03,78.37,51.37,56.39,61.71,68.65,74.86,90.0,100.0,105.33,110.78,120.45,129.22,141.57,159.55,187.85,210.1,219.55,226.45
A,DW_NEW,I15_A_AVG,ES,,113.65,127.18,132.51,127.03,124.2,116.84,100.05,94.66,95.48,100.0,106.45,112.93,120.05,129.1,137.47,143.71,154.9,167.35,185.44,206.46
A,DW_NEW,I15_A_AVG,EU,,,,,,100.03,100.53,97.93,96.45,97.48,100.0,103.84,107.81,113.17,118.24,123.99,132.39,144.85,152.05,162.39,170.29
A,DW_NEW,I15_A_AVG,EU27_2020,,,,,,101.17,101.63,98.89,97.09,97.64,100.0,103.52,107.4,112.79,118.19,124.26,132.67,145.16,152.38,162.74,170.66
A,DW_NEW,I15_A_AVG,EU28,,,,,,100.02,100.54,97.95,96.45,97.48,100.0,103.84,107.81,113.17,118.24,,,,,,
A,DW_NEW,I15_A_AVG,FI,68.25,74.24,79.88,81.18,86.31,87.72,91.41,95.88,97.93,98.94,100.0,102.38,106.2,108.59,110.52,114.56,120.96,126.27,125.5,122.59,123.91
A,DW_NEW,I15_A_AVG,FR,78.98,85.92,90.54,91.89,92.07,94.55,99.14,98.58,98.21,98.33,100.0,101.72,105.73,108.39,112.3,115.7,121.15,128.06,129.87,129.04,130.91
A,DW_NEW,I15_A_AVG,HR,,,,123.24,120.55,111.09,113.03,112.69,108.76,106.58,100.0,96.42,96.26,99.78,107.8,109.19,118.69,138.91,151.8,161.8,182.28
A,DW_NEW,I15_A_AVG,HU,,,96.31,98.46,95.38,90.44,87.5,87.42,88.37,92.11,100.0,110.11,130.76,148.67,164.73,185.06,221.13,268.66,309.51,355.53,383.1
A,DW_NEW,I15_A_AVG,IE,,,,,,117.08,97.71,85.3,78.91,86.69,100.0,107.63,113.51,124.75,129.8,132.55,136.95,148.38,163.82,175.04,183.74
A,DW_NEW,I15_A_AVG,IT,,,,,,100.8,104.0,106.3,104.8,102.0,100.0,100.7,100.0,101.1,102.3,104.5,108.5,115.1,121.5,131.1,131.9
A,DW_NEW,I15_A_AVG,LT,,90.16,101.99,118.48,85.98,77.17,85.0,92.04,90.45,95.04,100.0,102.19,112.31,121.02,128.83,136.98,156.95,189.5,218.81,240.54,259.62
A,DW_NEW,I15_A_AVG,LU,,,69.3,73.65,75.5,78.93,80.12,83.71,90.13,92.48,100.0,105.78,111.66,118.76,127.24,145.93,163.46,181.8,175.57,168.95,172.91
A,DW_NEW,I15_A_AVG,LV,,81.46,105.62,108.6,66.68,61.96,82.76,95.85,99.71,108.31,100.0,107.5,116.52,123.67,134.51,144.84,146.81,165.81,191.12,209.45,218.67
A,DW_NEW,I15_A_AVG,MT,,,,95.16,91.59,93.59,91.69,94.36,92.4,94.24,100.0,104.98,110.49,117.37,124.98,128.01,135.7,145.01,153.69,163.84,173.25
A,DW_NEW,I15_A_AVG,NL,104.34,107.72,115.29,114.38,104.7,105.5,105.47,97.03,93.83,93.87,100.0,104.03,112.28,123.46,133.76,145.51,161.57,182.43,189.21,195.13,210.87
A,DW_NEW,I15_A_AVG,NO,,,,,,76.02,82.53,88.12,92.32,94.53,100.0,107.07,112.72,115.19,122.44,129.17,138.34,147.94,154.77,161.51,170.2
A,DW_NEW,I15_A_AVG,PL,,,,,,101.28,102.38,101.94,96.95,97.46,100.0,101.08,104.31,110.02,117.38,124.68,136.02,152.09,168.01,195.66,206.84
A,DW_NEW,I15_A_AVG,PT,,,,104.95,104.45,105.19,102.1,95.68,94.43,98.33,100.0,103.33,109.12,117.3,127.59,137.19,149.15,162.06,172.78,185.7,212.02
A,DW_NEW,I15_A_AVG,RO,,,,,117.82,109.85,106.11,107.94,102.71,101.64,100.0,105.39,105.68,109.91,111.92,116.36,118.25,131.65,143.12,154.72,160.06
A,DW_NEW,I15_A_AVG,SE,69.84,72.35,77.3,80.5,85.54,88.87,93.87,96.0,94.97,97.8,100.0,106.2,112.78,123.71,129.54,127.56,128.82,147.59,152.17,142.25,139.11
A,DW_NEW,I15_A_AVG,SI,,,121.18,134.69,118.16,115.14,121.18,109.65,104.22,98.2,100.0,100.34,110.95,120.1,120.22,124.92,140.51,151.07,160.99,179.17,204.82
A,DW_NEW,I15_A_AVG,SK,,,,,,104.33,101.64,96.11,95.86,97.19,100.0,105.88,112.92,119.69,126.82,136.77,143.46,166.74,162.67,166.28,184.24
A,DW_NEW,I15_A_AVG,TR,,,,,,58.51,63.7,70.76,79.05,87.32,100.0,111.78,123.75,134.86,143.84,181.47,257.4,629.44,1299.55,1842.8,
A,DW_NEW,I15_A_AVG,UK,82.37,87.61,94.42,91.37,82.29,84.65,85.92,85.56,88.07,95.17,100.0,109.35,114.94,119.81,120.78,,,,,,
A,DW_NEW,I25_A_AVG,AT,,,,,,45.36,47.72,51.69,54.18,56.41,59.55,64.23,65.79,69.07,73.19,78.66,85.23,95.04,94.77,97.17,100.0
A,DW_NEW,I25_A_AVG,BE,54.29,56.94,59.48,60.96,60.31,60.3,62.66,63.83,66.22,64.82,67.76,70.12,73.12,75.44,77.77,81.23,86.32,90.89,92.77,98.28,100.0
A,DW_NEW,I25_A_AVG,BG,29.53,33.87,43.67,54.57,48.15,43.0,42.55,42.44,41.28,42.45,43.94,46.76,49.88,52.74,57.2,58.44,62.95,69.78,75.81,89.29,100.0
A,DW_NEW,I25_A_AVG,CY,,,,,,66.7,64.94,63.38,60.84,59.31,58.48,58.71,65.89,65.22,74.11,78.57,76.25,81.87,90.28,97.08,100.0
A,DW_NEW,I25_A_AVG,CZ,,,,37.1,38.3,37.2,36.6,35.8,35.8,36.4,38.2,40.5,46.1,51.6,55.6,60.7,71.9,85.0,83.8,88.1,100.0
A,DW_NEW,I25_A_AVG,DE,49.8,49.3,50.3,51.6,54.5,55.7,58.6,60.2,60.9,63.2,66.7,71.3,74.5,79.3,81.9,87.0,93.4,99.1,96.6,97.1,100.0
A,DW_NEW,I25_A_AVG,DK,24.52,32.29,36.75,34.36,31.75,31.32,35.27,39.17,62.02,69.29,77.37,76.89,77.38,78.76,79.33,79.91,83.17,91.75,95.76,97.95,100.0
A,DW_NEW,I25_A_AVG,EA,,,,,,63.61,63.8,61.7,60.84,61.09,62.6,64.96,67.3,70.43,73.5,77.3,82.11,88.69,91.65,95.71,100.0
A,DW_NEW,I25_A_AVG,EA19,,,,,,63.55,63.8,61.75,60.9,61.19,62.7,65.07,67.42,70.55,73.63,77.43,82.25,88.83,91.78,95.82,100.0
A,DW_NEW,I25_A_AVG,EA20,,,,,,63.49,63.74,61.72,60.85,61.12,62.58,64.92,67.25,70.36,73.45,77.22,82.05,88.67,91.65,95.71,100.0
A,DW_NEW,I25_A_AVG,EA21,,,,,,62.91,63.16,61.18,60.31,60.6,62.06,64.41,66.76,69.86,72.98,76.69,81.51,88.14,91.22,95.54,100.0
A,DW_NEW,I25_A_AVG,EE,20.77,27.77,37.55,34.61,22.69,24.9,27.26,30.32,33.06,39.75,44.16,46.51,48.92,53.19,57.07,62.52,70.46,82.96,92.78,96.95,100.0
A,DW_NEW,I25_A_AVG,ES,,55.05,61.6,64.18,61.52,60.16,56.59,48.46,45.85,46.25,48.44,51.56,54.7,58.15,62.53,66.59,69.6,75.02,81.06,89.82,100.0
A,DW_NEW,I25_A_AVG,EU,,,,,,58.74,59.03,57.51,56.64,57.24,58.72,60.98,63.31,66.46,69.44,72.81,77.74,85.06,89.29,95.36,100.0
A,DW_NEW,I25_A_AVG,EU27_2020,,,,,,59.28,59.55,57.95,56.89,57.21,58.6,60.66,62.94,66.09,69.26,72.81,77.74,85.06,89.29,95.36,100.0
A,DW_NEW,I25_A_AVG,EU28,,,,,,99.99,100.5,97.92,96.42,97.45,99.97,103.81,107.78,113.13,118.2,,,,,,
A,DW_NEW,I25_A_AVG,FI,55.08,59.91,64.47,65.52,69.66,70.8,73.77,77.38,79.03,79.85,80.71,82.62,85.71,87.64,89.2,92.46,97.62,101.91,101.28,98.94,100.0
A,DW_NEW,I25_A_AVG,FR,60.34,65.63,69.17,70.19,70.33,72.23,75.73,75.31,75.02,75.12,76.39,77.7,80.77,82.8,85.79,88.39,92.55,97.83,99.21,98.57,100.0
A,DW_NEW,I25_A_AVG,HR,,,,67.61,66.14,60.94,62.01,61.83,59.67,58.47,54.86,52.9,52.81,54.74,59.14,59.91,65.11,76.2,83.28,88.76,100.0
A,DW_NEW,I25_A_AVG,HU,,,25.14,25.7,24.9,23.61,22.84,22.82,23.07,24.05,26.11,28.74,34.13,38.81,43.0,48.31,57.72,70.13,80.79,92.8,100.0
A,DW_NEW,I25_A_AVG,IE,,,,,,63.72,53.18,46.43,42.95,47.18,54.43,58.58,61.78,67.89,70.64,72.14,74.54,80.76,89.16,95.27,100.0
A,DW_NEW,I25_A_AVG,IT,,,,,,76.4,78.8,80.7,79.5,77.4,75.8,76.4,75.8,76.7,77.6,79.2,82.3,87.3,92.1,99.4,100.0
A,DW_NEW,I25_A_AVG,LT,,34.73,39.29,45.64,33.12,29.73,32.74,35.45,34.84,36.61,38.52,39.36,43.26,46.62,49.62,52.76,60.46,72.99,84.28,92.65,100.0
A,DW_NEW,I25_A_AVG,LU,,,40.08,42.6,43.67,45.65,46.34,48.41,52.12,53.48,57.83,61.18,64.58,68.68,73.59,84.4,94.54,105.14,101.53,97.71,100.0
A,DW_NEW,I25_A_AVG,LV,,37.25,48.3,49.66,30.49,28.33,37.85,43.83,45.6,49.53,45.73,49.16,53.29,56.55,61.52,66.23,67.14,75.83,87.4,95.78,100.0
A,DW_NEW,I25_A_AVG,MT,,,,54.93,52.87,54.02,52.92,54.46,53.33,54.4,57.72,60.6,63.77,67.75,72.14,73.89,78.33,83.7,88.71,94.57,100.0
A,DW_NEW,I25_A_AVG,NL,49.48,51.09,54.68,54.24,49.66,50.03,50.02,46.01,44.5,44.52,47.42,49.33,53.25,58.55,63.43,69.0,76.62,86.52,89.73,92.54,100.0
A,DW_NEW,I25_A_AVG,NO,,,,,,44.67,48.49,51.77,54.24,55.54,58.76,62.91,66.22,67.68,71.94,75.89,81.28,86.92,90.93,94.89,100.0
A,DW_NEW,I25_A_AVG,PL,,,,,,48.97,49.5,49.29,46.87,47.12,48.35,48.87,50.43,53.19,56.75,60.28,65.76,73.53,81.23,94.6,100.0
A,DW_NEW,I25_A_AVG,PT,,,,49.5,49.26,49.61,48.15,45.13,44.54,46.38,47.16,48.73,51.46,55.32,60.17,64.71,70.35,76.44,81.49,87.59,100.0
A,DW_NEW,I25_A_AVG,RO,,,,,73.61,68.63,66.29,67.44,64.17,63.5,62.48,65.85,66.03,68.67,69.93,72.7,73.88,82.25,89.42,96.66,100.0
A,DW_NEW,I25_A_AVG,SE,50.2,52.01,55.57,57.87,61.49,63.89,67.48,69.01,68.27,70.3,71.89,76.34,81.08,88.93,93.12,91.7,92.6,106.1,109.39,102.26,100.0
A,DW_NEW,I25_A_AVG,SI,,,59.17,65.76,57.69,56.22,59.16,53.54,50.88,47.95,48.82,48.99,54.17,58.64,58.69,60.99,68.6,73.76,78.6,87.48,100.0
A,DW_NEW,I25_A_AVG,SK,,,,,,56.63,55.17,52.17,52.03,52.75,54.28,57.47,61.29,64.97,68.83,74.24,77.87,90.5,88.29,90.26,100.0
A,DW_NEW,I25_A_AVG,TR,,,,,,2.39,2.6,2.89,3.23,3.57,4.09,4.57,5.06,5.51,5.88,7.42,10.52,25.72,53.1,75.29,
A,DW_NEW,I25_A_AVG,UK,82.37,87.61,94.42,91.37,82.29,84.65,85.92,85.56,88.07,95.17,100.0,109.35,114.94,119.81,120.78,,,,,,
A,DW_NEW,RCH_A_AVG,AT,,,,,,,5.2,8.3,4.8,4.1,5.6,7.9,2.4,5.0,6.0,7.5,8.4,11.5,-0.3,2.5,2.9
A,DW_NEW,RCH_A_AVG,BE,,4.9,4.5,2.5,-1.1,0.0,3.9,1.9,3.7,-2.1,4.5,3.5,4.3,3.2,3.1,4.4,6.3,5.3,2.1,5.9,1.8
A,DW_NEW,RCH_A_AVG,BG,,14.7,28.9,24.9,-11.8,-10.7,-1.0,-0.3,-2.7,2.9,3.5,6.4,6.7,5.7,8.5,2.2,7.7,10.9,8.6,17.8,12.0
A,DW_NEW,RCH_A_AVG,CY,,,,,,,-2.6,-2.4,-4.0,-2.5,-1.4,0.4,12.2,-1.0,13.6,6.0,-2.9,7.4,10.3,7.5,3.0
A,DW_NEW,RCH_A_AVG,CZ,,,,,3.4,-3.1,-1.4,-2.3,-0.1,1.8,4.9,5.9,13.8,11.9,7.8,9.2,18.4,18.3,-1.5,5.1,13.5
A,DW_NEW,RCH_A_AVG,DE,,-1.1,2.0,2.7,5.5,2.3,5.1,2.8,1.2,3.7,5.6,6.9,4.6,6.4,3.3,6.2,7.3,6.2,-2.5,0.5,3.0
A,DW_NEW,RCH_A_AVG,DK,,31.7,13.8,-6.5,-7.6,-1.3,12.6,11.1,58.3,11.7,11.7,-0.6,0.6,1.8,0.7,0.7,4.1,10.3,4.4,2.3,2.1
A,DW_NEW,RCH_A_AVG,EA,,,,,,,0.3,-3.3,-1.4,0.4,2.5,3.8,3.6,4.6,4.4,5.2,6.2,8.0,3.3,4.4,4.5
A,DW_NEW,RCH_A_AVG,EA19,,,,,,,0.4,-3.2,-1.4,0.5,2.5,3.8,3.6,4.6,4.4,5.2,6.2,8.0,3.3,4.4,4.4
A,DW_NEW,RCH_A_AVG,EA20,,,,,,,0.4,-3.2,-1.4,0.4,2.4,3.7,3.6,4.6,4.4,5.1,6.3,8.1,3.4,4.4,4.5
A,DW_NEW,RCH_A_AVG,EA21,,,,,,,0.4,-3.1,-1.4,0.5,2.4,3.8,3.7,4.6,4.5,5.1,6.3,8.1,3.5,4.7,4.7
A,DW_NEW,RCH_A_AVG,EE,,33.7,35.2,-7.8,-34.4,9.8,9.5,11.2,9.0,20.2,11.1,5.3,5.2,8.7,7.3,9.6,12.7,17.7,11.8,4.5,3.1
A,DW_NEW,RCH_A_AVG,ES,,,11.9,4.2,-4.1,-2.2,-5.9,-14.4,-5.4,0.9,4.7,6.5,6.1,6.3,7.5,6.5,4.5,7.8,8.0,10.8,11.3
A,DW_NEW,RCH_A_AVG,EU,,,,,,,0.5,-2.6,-1.5,1.1,2.6,3.8,3.8,5.0,4.5,4.9,6.8,9.4,5.0,6.8,4.9
A,DW_NEW,RCH_A_AVG,EU27_2020,,,,,,,0.5,-2.7,-1.8,0.6,2.4,3.5,3.8,5.0,4.8,5.1,6.8,9.4,5.0,6.8,4.9
A,DW_NEW,RCH_A_AVG,EU28,,,,,,,0.5,-2.6,-1.5,1.1,2.6,3.8,3.8,5.0,4.5,,,,,,
A,DW_NEW,RCH_A_AVG,FI,,8.8,7.6,1.6,6.3,1.6,4.2,4.9,2.1,1.0,1.1,2.4,3.7,2.2,1.8,3.7,5.6,4.4,-0.6,-2.3,1.1
A,DW_NEW,RCH_A_AVG,FR,,8.8,5.4,1.5,0.2,2.7,4.9,-0.6,-0.4,0.1,1.7,1.7,3.9,2.5,3.6,3.0,4.7,5.7,1.4,-0.6,1.4
A,DW_NEW,RCH_A_AVG,HR,,,,,-2.2,-7.9,1.7,-0.3,-3.5,-2.0,-6.2,-3.6,-0.2,3.6,8.0,1.3,8.7,17.0,9.3,6.6,12.7
A,DW_NEW,RCH_A_AVG,HU,,,,2.2,-3.1,-5.2,-3.2,-0.1,1.1,4.2,8.6,10.1,18.7,13.7,10.8,12.3,19.5,21.5,15.2,14.9,7.8
A,DW_NEW,RCH_A_AVG,IE,,,,,,,-16.5,-12.7,-7.5,9.9,15.4,7.6,5.5,9.9,4.1,2.1,3.3,8.4,10.4,6.9,5.0
A,DW_NEW,RCH_A_AVG,IT,,,,,,,3.2,2.3,-1.4,-2.7,-2.0,0.7,-0.8,1.2,1.1,2.1,3.9,6.1,5.5,7.9,0.7
A,DW_NEW,RCH_A_AVG,LT,,,13.1,16.2,-27.4,-10.2,10.1,8.3,-1.7,5.1,5.2,2.2,9.9,7.8,6.4,6.3,14.6,20.7,15.5,9.9,7.9
A,DW_NEW,RCH_A_AVG,LU,,,,6.3,2.5,4.5,1.5,4.5,7.7,2.6,8.1,5.8,5.6,6.4,7.1,14.7,12.0,11.2,-3.4,-3.8,2.3
A,DW_NEW,RCH_A_AVG,LV,,,29.7,2.8,-38.6,-7.1,33.6,15.8,4.0,8.6,-7.7,7.5,8.4,6.1,8.8,7.7,1.4,12.9,15.3,9.6,4.4
A,DW_NEW,RCH_A_AVG,MT,,,,,-3.7,2.2,-2.0,2.9,-2.1,2.0,6.1,5.0,5.2,6.2,6.5,2.4,6.0,6.9,6.0,6.6,5.7
A,DW_NEW,RCH_A_AVG,NL,,3.2,7.0,-0.8,-8.5,0.8,0.0,-8.0,-3.3,0.0,6.5,4.0,7.9,10.0,8.3,8.8,11.0,12.9,3.7,3.1,8.1
A,DW_NEW,RCH_A_AVG,NO,,,,,,,8.6,6.8,4.8,2.4,5.8,7.1,5.3,2.2,6.3,5.5,7.1,6.9,4.6,4.4,5.4
A,DW_NEW,RCH_A_AVG,PL,,,,,,,1.1,-0.4,-4.9,0.5,2.6,1.1,3.2,5.5,6.7,6.2,9.1,11.8,10.5,16.5,5.7
A,DW_NEW,RCH_A_AVG,PT,,,,,-0.5,0.7,-2.9,-6.3,-1.3,4.1,1.7,3.3,5.6,7.5,8.8,7.5,8.7,8.7,6.6,7.5,14.2
A,DW_NEW,RCH_A_AVG,RO,,,,,,-6.8,-3.4,1.7,-4.8,-1.0,-1.6,5.4,0.3,4.0,1.8,4.0,1.6,11.3,8.7,8.1,3.5
A,DW_NEW,RCH_A_AVG,SE,,3.6,6.8,4.1,6.3,3.9,5.6,2.3,-1.1,3.0,2.3,6.2,6.2,9.7,4.7,-1.5,1.0,14.6,3.1,-6.5,-2.2
A,DW_NEW,RCH_A_AVG,SI,,,,11.2,-12.3,-2.6,5.2,-9.5,-5.0,-5.8,1.8,0.3,10.6,8.3,0.1,3.9,12.5,7.5,6.6,11.3,14.3
A,DW_NEW,RCH_A_AVG,SK,,,,,,,-2.6,-5.4,-0.3,1.4,2.9,5.9,6.7,6.0,5.9,7.8,4.9,16.2,-2.4,2.2,10.8
A,DW_NEW,RCH_A_AVG,TR,,,,,,,8.8,11.3,11.7,10.4,14.6,11.7,10.7,9.0,6.7,26.2,41.8,144.5,106.4,41.8,
A,DW_NEW,RCH_A_AVG,UK,,6.4,7.8,-3.2,-9.9,2.9,1.5,-0.4,2.9,8.1,5.1,9.4,5.1,4.2,0.8,,,,,,
A,TOTAL,I15_A_AVG,AT,,,,,,77.32,81.47,86.86,91.2,94.68,100.0,106.71,112.14,118.83,125.97,135.52,151.02,168.49,163.68,163.06,167.33
A,TOTAL,I15_A_AVG,BE,72.85,80.0,86.2,89.95,89.58,91.6,94.88,97.11,98.55,98.22,100.0,102.33,105.95,109.15,113.23,118.09,125.96,132.93,136.05,140.42,144.86
A,TOTAL,I15_A_AVG,BG,80.09,91.86,118.42,147.97,117.79,105.81,99.98,98.07,95.92,97.29,100.0,107.02,116.3,123.96,131.42,137.41,149.33,169.92,186.67,217.47,249.23
A,TOTAL,I15_A_AVG,CY,97.06,108.57,121.32,128.17,119.76,112.9,111.09,107.7,103.29,101.47,100.0,99.82,104.48,103.08,111.7,117.49,115.7,123.22,134.6,144.46,150.89
A,TOTAL,I15_A_AVG,CZ,,,,100.8,96.9,95.2,95.3,93.9,93.9,96.2,100.0,107.2,119.7,130.0,141.9,153.9,184.2,215.3,211.7,222.3,245.4
A,TOTAL,I15_A_AVG,DE,83.3,83.0,81.2,82.3,83.0,83.9,86.8,89.8,92.6,95.5,100.0,107.5,114.1,121.7,128.7,138.7,154.7,164.1,150.3,148.0,152.7
A,TOTAL,I15_A_AVG,DK,82.89,102.85,105.62,100.15,88.17,90.63,89.09,86.69,90.09,93.49,100.0,104.56,109.75,114.59,117.13,122.17,136.28,142.73,137.34,142.17,152.84
A,TOTAL,I15_A_AVG,EA,91.52,97.7,101.74,102.95,100.13,101.09,102.19,100.08,98.1,98.37,100.0,104.03,108.61,113.85,118.83,125.07,134.99,144.77,143.05,145.94,153.48
A,TOTAL,I15_A_AVG,EA19,90.68,97.25,101.81,103.23,100.01,100.91,102.07,99.98,98.05,98.37,100.0,104.03,108.61,113.85,118.83,125.07,134.99,144.77,142.96,145.75,153.18
A,TOTAL,I15_A_AVG,EA20,90.68,97.31,101.93,103.36,100.12,100.97,102.12,100.04,98.09,98.39,100.0,104.01,108.59,113.84,118.85,125.12,135.03,144.89,143.24,146.12,153.68
A,TOTAL,I15_A_AVG,EA21,90.54,97.2,102.0,103.66,100.25,101.01,102.1,100.02,98.07,98.39,100.0,104.04,108.66,113.92,118.96,125.22,135.15,145.11,143.63,146.76,154.51
A,TOTAL,I15_A_AVG,EE,59.01,88.22,106.54,96.29,60.47,63.9,69.32,74.37,82.29,93.58,100.0,104.75,110.51,117.07,125.27,132.79,152.78,186.76,197.72,209.79,220.72
A,TOTAL,I15_A_AVG,ES,,135.5,148.79,146.66,136.97,134.55,124.27,105.9,96.24,96.54,100.0,104.62,111.1,118.58,124.71,127.5,132.19,141.98,147.69,160.25,180.6
A,TOTAL,I15_A_AVG,EU,85.34,92.86,100.89,101.43,96.94,98.11,98.44,96.69,95.61,97.26,100.0,104.69,109.67,114.94,119.93,126.45,137.12,148.05,147.65,152.62,161.06
A,TOTAL,I15_A_AVG,EU27_2020,85.85,94.31,102.32,103.67,99.79,100.26,100.88,98.76,97.06,97.75,100.0,104.31,109.31,114.81,120.4,127.14,137.87,148.86,148.45,153.45,161.93
A,TOTAL,I15_A_AVG,EU28,84.77,92.87,100.94,101.49,97.0,98.13,98.46,96.71,95.61,97.26,100.0,104.69,109.67,114.94,119.93,,,,,,
A,TOTAL,I15_A_AVG,FI,76.25,81.56,86.37,87.06,88.31,93.88,96.87,99.21,100.35,100.0,100.0,101.29,102.39,103.34,103.77,105.6,110.46,111.52,104.58,101.35,99.03
A,TOTAL,I15_A_AVG,FR,84.72,94.51,100.57,101.52,95.32,99.74,105.46,104.88,102.93,101.36,100.0,101.04,104.24,107.29,110.86,116.62,124.13,131.82,131.26,126.39,127.26
A,TOTAL,I15_A_AVG,HR,,,,124.36,117.97,110.51,110.58,108.79,104.41,102.84,100.0,101.04,104.99,111.8,121.64,130.58,140.37,161.18,180.63,199.44,227.09
A,TOTAL,I15_A_AVG,HU,,,98.91,101.26,95.95,93.66,90.45,87.1,84.87,88.43,100.0,113.38,127.24,145.5,170.17,178.58,208.04,254.52,272.54,309.86,366.62
A,TOTAL,I15_A_AVG,IE,131.89,151.5,162.81,151.51,122.49,105.96,87.86,76.04,76.99,89.72,100.0,107.46,119.14,131.33,134.41,134.82,145.98,163.96,168.99,183.38,197.19
A,TOTAL,I15_A_AVG,IS,60.6,70.79,77.44,82.26,74.28,72.02,75.36,80.57,85.21,92.39,100.0,109.77,131.2,142.01,148.29,157.79,177.57,214.84,231.57,250.22,263.1
A,TOTAL,I15_A_AVG,IT,,,,,,118.1,119.7,116.7,109.1,104.0,100.0,100.3,99.2,98.6,98.5,100.4,103.0,106.9,108.3,111.7,116.2
A,TOTAL,I15_A_AVG,LT,,94.25,119.06,129.76,90.92,84.2,89.77,89.56,90.65,96.47,100.0,105.4,114.8,123.18,131.61,141.18,163.84,195.05,214.2,235.02,258.11
A,TOTAL,I15_A_AVG,LU,,,74.43,76.92,76.03,80.15,83.1,86.59,90.91,94.89,100.0,106.07,112.09,120.41,131.88,151.04,172.12,188.53,171.45,162.52,165.14
A,TOTAL,I15_A_AVG,LV,,104.48,142.37,143.94,90.24,80.35,88.73,91.36,97.62,103.48,100.0,108.49,118.01,129.3,140.88,145.77,161.65,184.01,190.89,198.9,214.05
A,TOTAL,I15_A_AVG,MT,58.46,70.08,84.79,94.14,90.07,91.04,89.8,92.54,92.16,94.51,100.0,105.45,111.03,117.45,124.65,128.86,135.44,144.45,153.42,163.77,173.55
A,TOTAL,I15_A_AVG,NL,106.3,110.82,116.19,118.74,113.46,111.48,109.28,101.96,95.81,96.61,100.0,105.29,113.81,124.4,133.38,144.07,164.94,186.84,183.26,198.24,215.15
A,TOTAL,I15_A_AVG,NO,54.24,61.66,69.43,68.69,69.99,75.77,81.95,87.48,91.24,93.74,100.0,107.88,113.75,115.53,120.18,126.11,137.66,145.71,147.63,152.91,161.66
A,TOTAL,I15_A_AVG,PL,,,,,,105.61,105.7,102.01,97.54,98.5,100.0,101.86,105.78,112.74,122.52,135.36,147.77,165.21,179.78,206.7,216.8
A,TOTAL,I15_A_AVG,PT,,,,107.53,106.54,107.36,102.09,94.87,93.09,97.04,100.0,107.12,117.02,129.03,141.88,154.33,168.84,190.17,205.76,224.44,263.85
A,TOTAL,I15_A_AVG,RO,,,,,129.28,119.54,104.83,99.51,99.26,97.22,100.0,105.95,112.36,118.62,122.69,128.44,134.09,143.7,148.43,155.89,164.82
A,TOTAL,I15_A_AVG,SE,52.04,58.46,65.74,66.47,68.57,73.97,75.87,76.83,80.79,88.4,100.0,108.24,115.43,114.35,117.19,122.11,134.46,139.25,132.05,132.03,133.41
A,TOTAL,I15_A_AVG,SI,,,120.85,129.31,117.06,117.21,120.39,112.09,106.21,99.2,100.0,103.25,111.79,121.55,129.7,135.66,151.32,173.65,186.22,200.26,214.9
A,TOTAL,I15_A_AVG,SK,,75.99,98.0,115.55,100.82,97.06,95.6,92.94,93.69,94.96,100.0,106.67,112.91,121.32,132.4,145.02,154.27,175.41,175.08,181.67,204.22
A,TOTAL,I15_A_AVG,TR,,,,,,57.12,62.15,68.93,76.8,86.39,100.0,112.78,124.98,134.77,141.25,174.84,240.48,601.15,1216.29,1721.53,
A,TOTAL,I15_A_AVG,UK,78.96,85.1,93.54,89.41,81.44,86.15,84.88,85.2,87.39,94.4,100.0,106.99,111.86,115.53,116.67,,,,,,
A,TOTAL,I25_A_AVG,AT,,,,,,46.21,48.69,51.91,54.5,56.58,59.76,63.77,67.01,71.01,75.28,80.98,90.25,100.7,97.82,97.45,100.0
A,TOTAL,I25_A_AVG,BE,50.29,55.22,59.51,62.1,61.84,63.24,65.5,67.04,68.03,67.8,69.04,70.64,73.14,75.35,78.17,81.52,86.96,91.77,93.92,96.94,100.0
A,TOTAL,I25_A_AVG,BG,32.13,36.86,47.52,59.38,47.26,42.45,40.12,39.35,38.49,39.04,40.13,42.94,46.66,49.74,52.73,55.14,59.92,68.18,74.9,87.26,100.0
A,TOTAL,I25_A_AVG,CH,,,,,,,,,,,,,74.71,76.93,79.81,81.78,86.47,91.98,94.0,95.64,100.0
A,TOTAL,I25_A_AVG,CY,64.32,71.96,80.4,84.94,79.37,74.82,73.63,71.37,68.45,67.25,66.27,66.16,69.24,68.32,74.03,77.86,76.68,81.66,89.2,95.74,100.0
A,TOTAL,I25_A_AVG,CZ,,,,41.1,39.5,38.8,38.8,38.3,38.2,39.2,40.8,43.7,48.8,53.0,57.8,62.7,75.1,87.7,86.3,90.6,100.0
A,TOTAL,I25_A_AVG,DE,54.6,54.4,53.2,53.9,54.4,54.9,56.9,58.8,60.6,62.5,65.5,70.4,74.7,79.7,84.3,90.8,101.4,107.5,98.4,96.9,100.0
A,TOTAL,I25_A_AVG,DK,54.24,67.29,69.1,65.53,57.69,59.3,58.3,56.72,58.94,61.17,65.43,68.41,71.81,74.97,76.64,79.94,89.16,93.39,89.86,93.02,100.0
A,TOTAL,I25_A_AVG,EA,59.64,63.66,66.29,67.08,65.24,65.86,66.58,65.21,63.92,64.09,65.16,67.79,70.77,74.18,77.43,81.49,87.95,94.33,93.21,95.08,100.0
A,TOTAL,I25_A_AVG,EA19,59.21,63.49,66.47,67.39,65.29,65.88,66.64,65.27,64.01,64.22,65.28,67.92,70.9,74.32,77.57,81.65,88.12,94.51,93.33,95.15,100.0
A,TOTAL,I25_A_AVG,EA20,59.01,63.32,66.33,67.26,65.15,65.7,66.45,65.09,63.83,64.03,65.07,67.68,70.66,74.07,77.34,81.41,87.86,94.28,93.21,95.08,100.0
A,TOTAL,I25_A_AVG,EA21,58.59,62.91,66.02,67.09,64.88,65.38,66.08,64.73,63.47,63.68,64.72,67.33,70.32,73.73,76.99,81.04,87.47,93.91,92.95,94.98,100.0
A,TOTAL,I25_A_AVG,EE,26.74,39.97,48.27,43.63,27.39,28.95,31.41,33.7,37.28,42.4,45.31,47.46,50.07,53.04,56.76,60.16,69.22,84.61,89.58,95.05,100.0
A,TOTAL,I25_A_AVG,ES,,75.03,82.39,81.21,75.84,74.5,68.81,58.64,53.29,53.45,55.37,57.93,61.52,65.66,69.05,70.6,73.2,78.62,81.78,88.73,100.0
A,TOTAL,I25_A_AVG,EU,52.99,57.66,62.64,62.97,60.19,60.92,61.12,60.03,59.36,60.39,62.09,65.0,68.1,71.36,74.46,78.51,85.14,91.92,91.67,94.76,100.0
A,TOTAL,I25_A_AVG,EU27_2020,53.02,58.24,63.18,64.02,61.62,61.91,62.3,60.98,59.94,60.36,61.76,64.42,67.5,70.9,74.36,78.51,85.14,91.92,91.67,94.76,100.0
A,TOTAL,I25_A_AVG,EU28,97.53,106.84,116.13,116.76,111.59,112.89,113.27,111.25,109.99,111.89,115.05,120.44,126.17,132.23,137.97,,,,,,
A,TOTAL,I25_A_AVG,FI,77.0,82.36,87.22,87.92,89.18,94.81,97.82,100.18,101.34,100.98,100.99,102.28,103.4,104.35,104.8,106.63,111.54,112.61,105.61,102.35,100.0
A,TOTAL,I25_A_AVG,FR,66.58,74.27,79.03,79.77,74.91,78.38,82.87,82.42,80.89,79.65,78.58,79.4,81.91,84.31,87.11,91.64,97.55,103.59,103.14,99.32,100.0
A,TOTAL,I25_A_AVG,HR,,,,54.76,51.95,48.67,48.7,47.91,45.98,45.29,44.04,44.49,46.23,49.24,53.57,57.5,61.81,70.98,79.54,87.83,100.0
A,TOTAL,I25_A_AVG,HU,,,26.98,27.62,26.17,25.55,24.67,23.76,23.15,24.12,27.28,30.93,34.71,39.69,46.42,48.71,56.75,69.42,74.34,84.52,100.0
A,TOTAL,I25_A_AVG,IE,66.88,76.83,82.57,76.83,62.12,53.73,44.56,38.57,39.04,45.5,50.71,54.5,60.42,66.6,68.16,68.37,74.03,83.15,85.7,93.0,100.0
A,TOTAL,I25_A_AVG,IS,23.03,26.91,29.44,31.26,28.23,27.38,28.64,30.62,32.39,35.12,38.01,41.72,49.87,53.98,56.36,59.98,67.49,81.66,88.02,95.1,100.0
A,TOTAL,I25_A_AVG,IT,,,,,,101.7,103.0,100.4,93.9,89.5,86.1,86.3,85.4,84.9,84.8,86.4,88.6,92.0,93.2,96.2,100.0
A,TOTAL,I25_A_AVG,LT,,36.52,46.12,50.27,35.23,32.63,34.78,34.7,35.12,37.38,38.74,40.84,44.48,47.73,50.99,54.7,63.48,75.57,82.98,91.06,100.0
A,TOTAL,I25_A_AVG,LU,,,45.07,46.58,46.04,48.54,50.32,52.44,55.05,57.46,60.56,64.23,67.87,72.91,79.86,91.46,104.23,114.17,103.82,98.42,100.0
A,TOTAL,I25_A_AVG,LV,,48.81,66.51,67.25,42.16,37.54,41.45,42.68,45.61,48.34,46.72,50.69,55.13,60.41,65.81,68.1,75.52,85.96,89.18,92.92,100.0
A,TOTAL,I25_A_AVG,MT,33.69,40.38,48.86,54.25,51.9,52.46,51.74,53.32,53.11,54.46,57.62,60.76,63.98,67.67,71.83,74.25,78.04,83.23,88.41,94.37,100.0
A,TOTAL,I25_A_AVG,NL,49.41,51.51,54.0,55.19,52.74,51.81,50.79,47.39,44.53,44.91,46.48,48.94,52.9,57.82,62.0,66.96,76.66,86.84,85.18,92.14,100.0
A,TOTAL,I25_A_AVG,NO,33.55,38.14,42.95,42.49,43.29,46.87,50.69,54.11,56.44,57.98,61.86,66.73,70.36,71.46,74.34,78.01,85.15,90.13,91.31,94.59,100.0
A,TOTAL,I25_A_AVG,PL,,,,,,48.71,48.75,47.05,44.99,45.43,46.13,46.98,48.79,52.0,56.52,62.44,68.16,76.2,82.92,95.34,100.0
A,TOTAL,I25_A_AVG,PT,,,,40.76,40.38,40.69,38.7,35.96,35.28,36.78,37.9,40.6,44.35,48.91,53.78,58.49,63.99,72.08,77.99,85.07,100.0
A,TOTAL,I25_A_AVG,RO,,,,,78.44,72.53,63.6,60.38,60.23,58.99,60.68,64.29,68.17,71.97,74.44,77.92,81.36,87.19,90.06,94.59,100.0
A,TOTAL,I25_A_AVG,SE,39.01,43.82,49.28,49.83,51.39,55.44,56.87,57.59,60.56,66.27,74.96,81.14,86.52,85.71,87.84,91.53,100.79,104.38,98.98,98.97,100.0
A,TOTAL,I25_A_AVG,SI,,,56.23,60.17,54.47,54.54,56.02,52.16,49.42,46.17,46.54,48.05,52.02,56.56,60.35,63.13,70.42,80.81,86.66,93.19,100.0
A,TOTAL,I25_A_AVG,SK,,37.21,47.99,56.58,49.37,47.52,46.81,45.51,45.87,46.49,48.97,52.23,55.29,59.41,64.83,71.01,75.54,85.89,85.73,88.96,100.0
A,TOTAL,I25_A_AVG,TR,,,,,,2.52,2.74,3.04,3.39,3.81,4.41,4.97,5.51,5.94,6.23,7.71,10.6,26.5,53.62,75.89,
A,TOTAL,I25_A_AVG,UK,78.96,85.1,93.54,89.41,81.44,86.15,84.88,85.2,87.39,94.4,100.0,106.99,111.86,115.53,116.67,,,,,,
A,TOTAL,RCH_A_AVG,AT,,,,,,,5.4,6.6,5.0,3.8,5.6,6.7,5.1,6.0,6.0,7.6,11.4,11.6,-2.9,-0.4,2.6
A,TOTAL,RCH_A_AVG,BE,,9.8,7.8,4.3,-0.4,2.3,3.6,2.4,1.5,-0.3,1.8,2.3,3.5,3.0,3.7,4.3,6.7,5.5,2.3,3.2,3.2
A,TOTAL,RCH_A_AVG,BG,,14.7,28.9,25.0,-20.4,-10.2,-5.5,-1.9,-2.2,1.4,2.8,7.0,8.7,6.6,6.0,4.6,8.7,13.8,9.9,16.5,14.6
A,TOTAL,RCH_A_AVG,CH,,,,,,,,,,,,,,3.0,3.7,2.5,5.7,6.4,2.2,1.7,4.6
A,TOTAL,RCH_A_AVG,CY,,11.9,11.7,5.6,-6.6,-5.7,-1.6,-3.1,-4.1,-1.8,-1.4,-0.2,4.7,-1.3,8.4,5.2,-1.5,6.5,9.2,7.3,4.5
A,TOTAL,RCH_A_AVG,CZ,,,,,-3.8,-1.8,0.0,-1.4,-0.1,2.4,4.1,7.2,11.7,8.6,9.1,8.4,19.7,16.9,-1.7,5.0,10.4
A,TOTAL,RCH_A_AVG,DE,,-0.3,-2.2,1.4,0.8,1.1,3.6,3.4,3.1,3.1,4.8,7.4,6.2,6.6,5.8,7.7,11.6,6.0,-8.4,-1.5,3.2
A,TOTAL,RCH_A_AVG,DK,,24.1,2.7,-5.2,-12.0,2.8,-1.7,-2.7,3.9,3.8,7.0,4.6,5.0,4.4,2.2,4.3,11.5,4.7,-3.8,3.5,7.5
A,TOTAL,RCH_A_AVG,EA,,6.7,4.1,1.2,-2.7,1.0,1.1,-2.1,-2.0,0.3,1.7,4.0,4.4,4.8,4.4,5.3,7.9,7.3,-1.2,2.0,5.2
A,TOTAL,RCH_A_AVG,EA19,,7.2,4.7,1.4,-3.1,0.9,1.1,-2.0,-1.9,0.3,1.7,4.0,4.4,4.8,4.4,5.3,7.9,7.3,-1.3,1.9,5.1
A,TOTAL,RCH_A_AVG,EA20,,7.3,4.7,1.4,-3.1,0.8,1.1,-2.0,-1.9,0.3,1.6,4.0,4.4,4.8,4.4,5.3,7.9,7.3,-1.1,2.0,5.2
A,TOTAL,RCH_A_AVG,EA21,,7.4,4.9,1.6,-3.3,0.8,1.1,-2.0,-2.0,0.3,1.6,4.0,4.4,4.8,4.4,5.3,7.9,7.4,-1.0,2.2,5.3
A,TOTAL,RCH_A_AVG,EE,,49.5,20.8,-9.6,-37.2,5.7,8.5,7.3,10.6,13.7,6.9,4.7,5.5,5.9,7.0,6.0,15.1,22.2,5.9,6.1,5.2
A,TOTAL,RCH_A_AVG,ES,,,9.8,-1.4,-6.6,-1.8,-7.6,-14.8,-9.1,0.3,3.6,4.6,6.2,6.7,5.2,2.2,3.7,7.4,4.0,8.5,12.7
A,TOTAL,RCH_A_AVG,EU,,8.8,8.6,0.5,-4.4,1.2,0.3,-1.8,-1.1,1.7,2.8,4.7,4.8,4.8,4.3,5.4,8.4,8.0,-0.3,3.4,5.5
A,TOTAL,RCH_A_AVG,EU27_2020,,9.9,8.5,1.3,-3.7,0.5,0.6,-2.1,-1.7,0.7,2.3,4.3,4.8,5.0,4.9,5.6,8.4,8.0,-0.3,3.4,5.5
A,TOTAL,RCH_A_AVG,EU28,,9.6,8.7,0.5,-4.4,1.2,0.3,-1.8,-1.1,1.7,2.8,4.7,4.8,4.8,4.3,,,,,,
A,TOTAL,RCH_A_AVG,FI,,7.0,5.9,0.8,1.4,6.3,3.2,2.4,1.2,-0.4,0.0,1.3,1.1,0.9,0.4,1.8,4.6,1.0,-6.2,-3.1,-2.3
A,TOTAL,RCH_A_AVG,FR,,11.6,6.4,0.9,-6.1,4.6,5.7,-0.5,-1.9,-1.5,-1.3,1.0,3.2,2.9,3.3,5.2,6.4,6.2,-0.4,-3.7,0.7
A,TOTAL,RCH_A_AVG,HR,,,,,-5.1,-6.3,0.1,-1.6,-4.0,-1.5,-2.8,1.0,3.9,6.5,8.8,7.3,7.5,14.8,12.1,10.4,13.9
A,TOTAL,RCH_A_AVG,HU,,,,2.4,-5.2,-2.4,-3.4,-3.7,-2.6,4.2,13.1,13.4,12.2,14.3,17.0,4.9,16.5,22.3,7.1,13.7,18.3
A,TOTAL,RCH_A_AVG,IE,,14.9,7.5,-6.9,-19.1,-13.5,-17.1,-13.4,1.2,16.5,11.5,7.5,10.9,10.2,2.3,0.3,8.3,12.3,3.1,8.5,7.5
A,TOTAL,RCH_A_AVG,IS,,16.8,9.4,6.2,-9.7,-3.0,4.6,6.9,5.8,8.4,8.2,9.8,19.5,8.2,4.4,6.4,12.5,21.0,7.8,8.0,5.1
A,TOTAL,RCH_A_AVG,IT,,,,,,,1.3,-2.5,-6.5,-4.7,-3.8,0.3,-1.1,-0.6,-0.1,1.9,2.5,3.8,1.3,3.2,4.0
A,TOTAL,RCH_A_AVG,LT,,,26.3,9.0,-29.9,-7.4,6.6,-0.2,1.2,6.4,3.7,5.4,8.9,7.3,6.8,7.3,16.0,19.1,9.8,9.7,9.8
A,TOTAL,RCH_A_AVG,LU,,,,3.3,-1.1,5.4,3.7,4.2,5.0,4.4,5.4,6.1,5.7,7.4,9.5,14.5,14.0,9.5,-9.1,-5.2,1.6
A,TOTAL,RCH_A_AVG,LV,,,36.3,1.1,-37.3,-11.0,10.4,3.0,6.8,6.0,-3.4,8.5,8.8,9.6,9.0,3.5,10.9,13.8,3.7,4.2,7.6
A,TOTAL,RCH_A_AVG,MT,,19.9,21.0,11.0,-4.3,1.1,-1.4,3.1,-0.4,2.5,5.8,5.4,5.3,5.8,6.1,3.4,5.1,6.7,6.2,6.7,6.0
A,TOTAL,RCH_A_AVG,NL,,4.3,4.8,2.2,-4.4,-1.7,-2.0,-6.7,-6.0,0.8,3.5,5.3,8.1,9.3,7.2,8.0,14.5,13.3,-1.9,8.2,8.5
A,TOTAL,RCH_A_AVG,NO,,13.7,12.6,-1.1,1.9,8.3,8.2,6.7,4.3,2.7,6.7,7.9,5.4,1.6,4.0,4.9,9.2,5.9,1.3,3.6,5.7
A,TOTAL,RCH_A_AVG,PL,,,,,,,0.1,-3.5,-4.4,1.0,1.5,1.9,3.9,6.6,8.7,10.5,9.2,11.8,8.8,15.0,4.9
A,TOTAL,RCH_A_AVG,PT,,,,,-0.9,0.8,-4.9,-7.1,-1.9,4.3,3.1,7.1,9.2,10.3,10.0,8.8,9.4,12.6,8.2,9.1,17.6
A,TOTAL,RCH_A_AVG,RO,,,,,,-7.5,-12.3,-5.1,-0.2,-2.1,2.9,5.9,6.0,5.6,3.4,4.7,4.4,7.2,3.3,5.0,5.7
A,TOTAL,RCH_A_AVG,SE,,12.3,12.5,1.1,3.1,7.9,2.6,1.3,5.2,9.4,13.1,8.2,6.6,-0.9,2.5,4.2,10.1,3.6,-5.2,0.0,1.0
A,TOTAL,RCH_A_AVG,SI,,,,7.0,-9.5,0.1,2.7,-6.9,-5.2,-6.6,0.8,3.3,8.3,8.7,6.7,4.6,11.5,14.8,7.2,7.5,7.3
A,TOTAL,RCH_A_AVG,SK,,,29.0,17.9,-12.8,-3.7,-1.5,-2.8,0.8,1.4,5.3,6.7,5.9,7.4,9.1,9.5,6.4,13.7,-0.2,3.8,12.4
A,TOTAL,RCH_A_AVG,TR,,,,,,,8.8,10.9,11.4,12.5,15.8,12.8,10.8,7.8,4.8,23.7,37.6,150.0,102.3,41.5,
A,TOTAL,RCH_A_AVG,UK,,7.8,9.9,-4.4,-8.9,5.8,-1.5,0.4,2.6,8.0,5.9,7.0,4.6,3.3,1.0,,,,,,
